subsystem,module_name,module_path,package_root,nesting_level,format_family,python_target_area,priority_seed,notes
app,App,src/Text/Pandoc/App.hs,core,0,,src/pandoc_py/cli/,high,
app,App.CommandLineOptions,src/Text/Pandoc/App/CommandLineOptions.hs,core,1,,src/pandoc_py/cli/,high,
app,App.Input,src/Text/Pandoc/App/Input.hs,core,1,,src/pandoc_py/cli/,high,
app,App.Opt,src/Text/Pandoc/App/Opt.hs,core,1,,src/pandoc_py/cli/,high,
app,App.OutputSettings,src/Text/Pandoc/App/OutputSettings.hs,core,1,,src/pandoc_py/cli/,high,
citeproc,Citeproc.BibTeX,src/Text/Pandoc/Citeproc/BibTeX.hs,core,1,,src/pandoc_py/citeproc/,medium,
citeproc,Citeproc.CslJson,src/Text/Pandoc/Citeproc/CslJson.hs,core,1,,src/pandoc_py/citeproc/,medium,
citeproc,Citeproc.Data,src/Text/Pandoc/Citeproc/Data.hs,core,1,,src/pandoc_py/citeproc/,medium,
citeproc,Citeproc.Locator,src/Text/Pandoc/Citeproc/Locator.hs,core,1,,src/pandoc_py/citeproc/,medium,
citeproc,Citeproc.MetaValue,src/Text/Pandoc/Citeproc/MetaValue.hs,core,1,,src/pandoc_py/citeproc/,medium,
citeproc,Citeproc.Name,src/Text/Pandoc/Citeproc/Name.hs,core,1,,src/pandoc_py/citeproc/,medium,
citeproc,Citeproc.Util,src/Text/Pandoc/Citeproc/Util.hs,core,1,,src/pandoc_py/citeproc/,medium,
cli,pandoc,pandoc-cli/src/pandoc.hs,cli,0,,src/pandoc_py/cli/,high,
core_support,Asciify,src/Text/Pandoc/Asciify.hs,core,0,,src/pandoc_py/common/,high,
core_support,CSS,src/Text/Pandoc/CSS.hs,core,0,,src/pandoc_py/common/,high,
core_support,CSV,src/Text/Pandoc/CSV.hs,core,0,,src/pandoc_py/common/,high,
core_support,Char,src/Text/Pandoc/Char.hs,core,0,,src/pandoc_py/common/,high,
core_support,Chunks,src/Text/Pandoc/Chunks.hs,core,0,,src/pandoc_py/common/,high,
core_support,Citeproc,src/Text/Pandoc/Citeproc.hs,core,0,,src/pandoc_py/common/,high,
core_support,Class,src/Text/Pandoc/Class.hs,core,0,,src/pandoc_py/common/,high,
core_support,Data,src/Text/Pandoc/Data.hs,core,0,,src/pandoc_py/common/,high,
core_support,Data.BakedIn,src/Text/Pandoc/Data/BakedIn.hs,core,1,,src/pandoc_py/common/,high,
core_support,Emoji,src/Text/Pandoc/Emoji.hs,core,0,,src/pandoc_py/common/,high,
core_support,Error,src/Text/Pandoc/Error.hs,core,0,,src/pandoc_py/common/,high,
core_support,Extensions,src/Text/Pandoc/Extensions.hs,core,0,,src/pandoc_py/common/,high,
core_support,Filter,src/Text/Pandoc/Filter.hs,core,0,,src/pandoc_py/common/,high,
core_support,Filter.Environment,src/Text/Pandoc/Filter/Environment.hs,core,1,,src/pandoc_py/common/,high,
core_support,Filter.JSON,src/Text/Pandoc/Filter/JSON.hs,core,1,,src/pandoc_py/common/,high,
core_support,Format,src/Text/Pandoc/Format.hs,core,0,,src/pandoc_py/common/,high,
core_support,Highlighting,src/Text/Pandoc/Highlighting.hs,core,0,,src/pandoc_py/common/,high,
core_support,Image,src/Text/Pandoc/Image.hs,core,0,,src/pandoc_py/common/,high,
core_support,ImageSize,src/Text/Pandoc/ImageSize.hs,core,0,,src/pandoc_py/common/,high,
core_support,Logging,src/Text/Pandoc/Logging.hs,core,0,,src/pandoc_py/common/,high,
core_support,MIME,src/Text/Pandoc/MIME.hs,core,0,,src/pandoc_py/common/,high,
core_support,MediaBag,src/Text/Pandoc/MediaBag.hs,core,0,,src/pandoc_py/common/,high,
core_support,Options,src/Text/Pandoc/Options.hs,core,0,,src/pandoc_py/common/,high,
core_support,PDF,src/Text/Pandoc/PDF.hs,core,0,,src/pandoc_py/common/,high,
core_support,Parsing,src/Text/Pandoc/Parsing.hs,core,0,,src/pandoc_py/common/,high,
core_support,Process,src/Text/Pandoc/Process.hs,core,0,,src/pandoc_py/common/,high,
core_support,Readers,src/Text/Pandoc/Readers.hs,core,0,,src/pandoc_py/common/,high,
core_support,RoffChar,src/Text/Pandoc/RoffChar.hs,core,0,,src/pandoc_py/common/,high,
core_support,Scripting,src/Text/Pandoc/Scripting.hs,core,0,,src/pandoc_py/common/,high,
core_support,SelfContained,src/Text/Pandoc/SelfContained.hs,core,0,,src/pandoc_py/common/,high,
core_support,Shared,src/Text/Pandoc/Shared.hs,core,0,,src/pandoc_py/common/,high,
core_support,Slides,src/Text/Pandoc/Slides.hs,core,0,,src/pandoc_py/common/,high,
core_support,Sources,src/Text/Pandoc/Sources.hs,core,0,,src/pandoc_py/common/,high,
core_support,TeX,src/Text/Pandoc/TeX.hs,core,0,,src/pandoc_py/common/,high,
core_support,Templates,src/Text/Pandoc/Templates.hs,core,0,,src/pandoc_py/common/,high,
core_support,Transforms,src/Text/Pandoc/Transforms.hs,core,0,,src/pandoc_py/common/,high,
core_support,Translations,src/Text/Pandoc/Translations.hs,core,0,,src/pandoc_py/common/,high,
core_support,Translations.Types,src/Text/Pandoc/Translations/Types.hs,core,1,,src/pandoc_py/common/,high,
core_support,URI,src/Text/Pandoc/URI.hs,core,0,,src/pandoc_py/common/,high,
core_support,UTF8,src/Text/Pandoc/UTF8.hs,core,0,,src/pandoc_py/common/,high,
core_support,UUID,src/Text/Pandoc/UUID.hs,core,0,,src/pandoc_py/common/,high,
core_support,Version,src/Text/Pandoc/Version.hs,core,0,,src/pandoc_py/common/,high,
core_support,Writers,src/Text/Pandoc/Writers.hs,core,0,,src/pandoc_py/common/,high,
core_support,XML,src/Text/Pandoc/XML.hs,core,0,,src/pandoc_py/common/,high,
core_support,XMLFormat,src/Text/Pandoc/XMLFormat.hs,core,0,,src/pandoc_py/common/,high,
lua,Text.Pandoc.Lua,pandoc-lua-engine/src/Text/Pandoc/Lua.hs,lua,2,,src/pandoc_py/lua/,medium,
lua,Text.Pandoc.Lua.Custom,pandoc-lua-engine/src/Text/Pandoc/Lua/Custom.hs,lua,3,,src/pandoc_py/lua/,medium,
lua,Text.Pandoc.Lua.Documentation,pandoc-lua-engine/src/Text/Pandoc/Lua/Documentation.hs,lua,3,,src/pandoc_py/lua/,medium,
lua,Text.Pandoc.Lua.Engine,pandoc-lua-engine/src/Text/Pandoc/Lua/Engine.hs,lua,3,,src/pandoc_py/lua/,medium,
lua,Text.Pandoc.Lua.Filter,pandoc-lua-engine/src/Text/Pandoc/Lua/Filter.hs,lua,3,,src/pandoc_py/lua/,medium,
lua,Text.Pandoc.Lua.Global,pandoc-lua-engine/src/Text/Pandoc/Lua/Global.hs,lua,3,,src/pandoc_py/lua/,medium,
lua,Text.Pandoc.Lua.Init,pandoc-lua-engine/src/Text/Pandoc/Lua/Init.hs,lua,3,,src/pandoc_py/lua/,medium,
lua,Text.Pandoc.Lua.Marshal.Chunks,pandoc-lua-engine/src/Text/Pandoc/Lua/Marshal/Chunks.hs,lua,4,,src/pandoc_py/lua/,medium,
lua,Text.Pandoc.Lua.Marshal.CommonState,pandoc-lua-engine/src/Text/Pandoc/Lua/Marshal/CommonState.hs,lua,4,,src/pandoc_py/lua/,medium,
lua,Text.Pandoc.Lua.Marshal.Context,pandoc-lua-engine/src/Text/Pandoc/Lua/Marshal/Context.hs,lua,4,,src/pandoc_py/lua/,medium,
lua,Text.Pandoc.Lua.Marshal.Format,pandoc-lua-engine/src/Text/Pandoc/Lua/Marshal/Format.hs,lua,4,,src/pandoc_py/lua/,medium,
lua,Text.Pandoc.Lua.Marshal.ImageSize,pandoc-lua-engine/src/Text/Pandoc/Lua/Marshal/ImageSize.hs,lua,4,,src/pandoc_py/lua/,medium,
lua,Text.Pandoc.Lua.Marshal.LogMessage,pandoc-lua-engine/src/Text/Pandoc/Lua/Marshal/LogMessage.hs,lua,4,,src/pandoc_py/lua/,medium,
lua,Text.Pandoc.Lua.Marshal.PandocError,pandoc-lua-engine/src/Text/Pandoc/Lua/Marshal/PandocError.hs,lua,4,,src/pandoc_py/lua/,medium,
lua,Text.Pandoc.Lua.Marshal.ReaderOptions,pandoc-lua-engine/src/Text/Pandoc/Lua/Marshal/ReaderOptions.hs,lua,4,,src/pandoc_py/lua/,medium,
lua,Text.Pandoc.Lua.Marshal.Reference,pandoc-lua-engine/src/Text/Pandoc/Lua/Marshal/Reference.hs,lua,4,,src/pandoc_py/lua/,medium,
lua,Text.Pandoc.Lua.Marshal.Sources,pandoc-lua-engine/src/Text/Pandoc/Lua/Marshal/Sources.hs,lua,4,,src/pandoc_py/lua/,medium,
lua,Text.Pandoc.Lua.Marshal.Template,pandoc-lua-engine/src/Text/Pandoc/Lua/Marshal/Template.hs,lua,4,,src/pandoc_py/lua/,medium,
lua,Text.Pandoc.Lua.Marshal.WriterOptions,pandoc-lua-engine/src/Text/Pandoc/Lua/Marshal/WriterOptions.hs,lua,4,,src/pandoc_py/lua/,medium,
lua,Text.Pandoc.Lua.Module,pandoc-lua-engine/src/Text/Pandoc/Lua/Module.hs,lua,3,,src/pandoc_py/lua/,medium,
lua,Text.Pandoc.Lua.Module.CLI,pandoc-lua-engine/src/Text/Pandoc/Lua/Module/CLI.hs,lua,4,,src/pandoc_py/lua/,medium,
lua,Text.Pandoc.Lua.Module.Format,pandoc-lua-engine/src/Text/Pandoc/Lua/Module/Format.hs,lua,4,,src/pandoc_py/lua/,medium,
lua,Text.Pandoc.Lua.Module.Image,pandoc-lua-engine/src/Text/Pandoc/Lua/Module/Image.hs,lua,4,,src/pandoc_py/lua/,medium,
lua,Text.Pandoc.Lua.Module.JSON,pandoc-lua-engine/src/Text/Pandoc/Lua/Module/JSON.hs,lua,4,,src/pandoc_py/lua/,medium,
lua,Text.Pandoc.Lua.Module.Log,pandoc-lua-engine/src/Text/Pandoc/Lua/Module/Log.hs,lua,4,,src/pandoc_py/lua/,medium,
lua,Text.Pandoc.Lua.Module.MediaBag,pandoc-lua-engine/src/Text/Pandoc/Lua/Module/MediaBag.hs,lua,4,,src/pandoc_py/lua/,medium,
lua,Text.Pandoc.Lua.Module.Pandoc,pandoc-lua-engine/src/Text/Pandoc/Lua/Module/Pandoc.hs,lua,4,,src/pandoc_py/lua/,medium,
lua,Text.Pandoc.Lua.Module.Path,pandoc-lua-engine/src/Text/Pandoc/Lua/Module/Path.hs,lua,4,,src/pandoc_py/lua/,medium,
lua,Text.Pandoc.Lua.Module.Scaffolding,pandoc-lua-engine/src/Text/Pandoc/Lua/Module/Scaffolding.hs,lua,4,,src/pandoc_py/lua/,medium,
lua,Text.Pandoc.Lua.Module.Structure,pandoc-lua-engine/src/Text/Pandoc/Lua/Module/Structure.hs,lua,4,,src/pandoc_py/lua/,medium,
lua,Text.Pandoc.Lua.Module.System,pandoc-lua-engine/src/Text/Pandoc/Lua/Module/System.hs,lua,4,,src/pandoc_py/lua/,medium,
lua,Text.Pandoc.Lua.Module.Template,pandoc-lua-engine/src/Text/Pandoc/Lua/Module/Template.hs,lua,4,,src/pandoc_py/lua/,medium,
lua,Text.Pandoc.Lua.Module.Text,pandoc-lua-engine/src/Text/Pandoc/Lua/Module/Text.hs,lua,4,,src/pandoc_py/lua/,medium,
lua,Text.Pandoc.Lua.Module.Types,pandoc-lua-engine/src/Text/Pandoc/Lua/Module/Types.hs,lua,4,,src/pandoc_py/lua/,medium,
lua,Text.Pandoc.Lua.Module.Utils,pandoc-lua-engine/src/Text/Pandoc/Lua/Module/Utils.hs,lua,4,,src/pandoc_py/lua/,medium,
lua,Text.Pandoc.Lua.Orphans,pandoc-lua-engine/src/Text/Pandoc/Lua/Orphans.hs,lua,3,,src/pandoc_py/lua/,medium,
lua,Text.Pandoc.Lua.PandocLua,pandoc-lua-engine/src/Text/Pandoc/Lua/PandocLua.hs,lua,3,,src/pandoc_py/lua/,medium,
lua,Text.Pandoc.Lua.Run,pandoc-lua-engine/src/Text/Pandoc/Lua/Run.hs,lua,3,,src/pandoc_py/lua/,medium,
lua,Text.Pandoc.Lua.SourcePos,pandoc-lua-engine/src/Text/Pandoc/Lua/SourcePos.hs,lua,3,,src/pandoc_py/lua/,medium,
lua,Text.Pandoc.Lua.Writer.Classic,pandoc-lua-engine/src/Text/Pandoc/Lua/Writer/Classic.hs,lua,4,,src/pandoc_py/lua/,medium,
lua,Text.Pandoc.Lua.Writer.Scaffolding,pandoc-lua-engine/src/Text/Pandoc/Lua/Writer/Scaffolding.hs,lua,4,,src/pandoc_py/lua/,medium,
parsing,Parsing.Capabilities,src/Text/Pandoc/Parsing/Capabilities.hs,core,1,,src/pandoc_py/parsing/,high,
parsing,Parsing.Citations,src/Text/Pandoc/Parsing/Citations.hs,core,1,,src/pandoc_py/parsing/,high,
parsing,Parsing.Future,src/Text/Pandoc/Parsing/Future.hs,core,1,,src/pandoc_py/parsing/,high,
parsing,Parsing.General,src/Text/Pandoc/Parsing/General.hs,core,1,,src/pandoc_py/parsing/,high,
parsing,Parsing.GridTable,src/Text/Pandoc/Parsing/GridTable.hs,core,1,,src/pandoc_py/parsing/,high,
parsing,Parsing.Lists,src/Text/Pandoc/Parsing/Lists.hs,core,1,,src/pandoc_py/parsing/,high,
parsing,Parsing.Math,src/Text/Pandoc/Parsing/Math.hs,core,1,,src/pandoc_py/parsing/,high,
parsing,Parsing.Smart,src/Text/Pandoc/Parsing/Smart.hs,core,1,,src/pandoc_py/parsing/,high,
parsing,Parsing.State,src/Text/Pandoc/Parsing/State.hs,core,1,,src/pandoc_py/parsing/,high,
reader,Readers.AsciiDoc,src/Text/Pandoc/Readers/AsciiDoc.hs,core,1,AsciiDoc,src/pandoc_py/readers/,high,
reader,Readers.BibTeX,src/Text/Pandoc/Readers/BibTeX.hs,core,1,BibTeX,src/pandoc_py/readers/,high,
reader,Readers.CSV,src/Text/Pandoc/Readers/CSV.hs,core,1,CSV,src/pandoc_py/readers/,high,
reader,Readers.CommonMark,src/Text/Pandoc/Readers/CommonMark.hs,core,1,CommonMark,src/pandoc_py/readers/,high,
reader,Readers.Creole,src/Text/Pandoc/Readers/Creole.hs,core,1,Creole,src/pandoc_py/readers/,high,
reader,Readers.CslJson,src/Text/Pandoc/Readers/CslJson.hs,core,1,CslJson,src/pandoc_py/readers/,high,
reader,Readers.Djot,src/Text/Pandoc/Readers/Djot.hs,core,1,Djot,src/pandoc_py/readers/,high,
reader,Readers.DocBook,src/Text/Pandoc/Readers/DocBook.hs,core,1,DocBook,src/pandoc_py/readers/,high,
reader,Readers.Docx,src/Text/Pandoc/Readers/Docx.hs,core,1,Docx,src/pandoc_py/readers/,high,
reader,Readers.Docx.Combine,src/Text/Pandoc/Readers/Docx/Combine.hs,core,2,Docx,src/pandoc_py/readers/,high,
reader,Readers.Docx.Fields,src/Text/Pandoc/Readers/Docx/Fields.hs,core,2,Docx,src/pandoc_py/readers/,high,
reader,Readers.Docx.Lists,src/Text/Pandoc/Readers/Docx/Lists.hs,core,2,Docx,src/pandoc_py/readers/,high,
reader,Readers.Docx.Parse,src/Text/Pandoc/Readers/Docx/Parse.hs,core,2,Docx,src/pandoc_py/readers/,high,
reader,Readers.Docx.Parse.Styles,src/Text/Pandoc/Readers/Docx/Parse/Styles.hs,core,3,Docx,src/pandoc_py/readers/,high,
reader,Readers.Docx.Symbols,src/Text/Pandoc/Readers/Docx/Symbols.hs,core,2,Docx,src/pandoc_py/readers/,high,
reader,Readers.Docx.Util,src/Text/Pandoc/Readers/Docx/Util.hs,core,2,Docx,src/pandoc_py/readers/,high,
reader,Readers.DokuWiki,src/Text/Pandoc/Readers/DokuWiki.hs,core,1,DokuWiki,src/pandoc_py/readers/,high,
reader,Readers.EPUB,src/Text/Pandoc/Readers/EPUB.hs,core,1,EPUB,src/pandoc_py/readers/,high,
reader,Readers.EndNote,src/Text/Pandoc/Readers/EndNote.hs,core,1,EndNote,src/pandoc_py/readers/,high,
reader,Readers.FB2,src/Text/Pandoc/Readers/FB2.hs,core,1,FB2,src/pandoc_py/readers/,high,
reader,Readers.HTML,src/Text/Pandoc/Readers/HTML.hs,core,1,HTML,src/pandoc_py/readers/,high,
reader,Readers.HTML.Parsing,src/Text/Pandoc/Readers/HTML/Parsing.hs,core,2,HTML,src/pandoc_py/readers/,high,
reader,Readers.HTML.Table,src/Text/Pandoc/Readers/HTML/Table.hs,core,2,HTML,src/pandoc_py/readers/,high,
reader,Readers.HTML.TagCategories,src/Text/Pandoc/Readers/HTML/TagCategories.hs,core,2,HTML,src/pandoc_py/readers/,high,
reader,Readers.HTML.Types,src/Text/Pandoc/Readers/HTML/Types.hs,core,2,HTML,src/pandoc_py/readers/,high,
reader,Readers.Haddock,src/Text/Pandoc/Readers/Haddock.hs,core,1,Haddock,src/pandoc_py/readers/,high,
reader,Readers.Ipynb,src/Text/Pandoc/Readers/Ipynb.hs,core,1,Ipynb,src/pandoc_py/readers/,high,
reader,Readers.JATS,src/Text/Pandoc/Readers/JATS.hs,core,1,JATS,src/pandoc_py/readers/,high,
reader,Readers.Jira,src/Text/Pandoc/Readers/Jira.hs,core,1,Jira,src/pandoc_py/readers/,high,
reader,Readers.LaTeX,src/Text/Pandoc/Readers/LaTeX.hs,core,1,LaTeX,src/pandoc_py/readers/,high,
reader,Readers.LaTeX.Citation,src/Text/Pandoc/Readers/LaTeX/Citation.hs,core,2,LaTeX,src/pandoc_py/readers/,high,
reader,Readers.LaTeX.Inline,src/Text/Pandoc/Readers/LaTeX/Inline.hs,core,2,LaTeX,src/pandoc_py/readers/,high,
reader,Readers.LaTeX.Lang,src/Text/Pandoc/Readers/LaTeX/Lang.hs,core,2,LaTeX,src/pandoc_py/readers/,high,
reader,Readers.LaTeX.Macro,src/Text/Pandoc/Readers/LaTeX/Macro.hs,core,2,LaTeX,src/pandoc_py/readers/,high,
reader,Readers.LaTeX.Math,src/Text/Pandoc/Readers/LaTeX/Math.hs,core,2,LaTeX,src/pandoc_py/readers/,high,
reader,Readers.LaTeX.Parsing,src/Text/Pandoc/Readers/LaTeX/Parsing.hs,core,2,LaTeX,src/pandoc_py/readers/,high,
reader,Readers.LaTeX.SIunitx,src/Text/Pandoc/Readers/LaTeX/SIunitx.hs,core,2,LaTeX,src/pandoc_py/readers/,high,
reader,Readers.LaTeX.Table,src/Text/Pandoc/Readers/LaTeX/Table.hs,core,2,LaTeX,src/pandoc_py/readers/,high,
reader,Readers.Man,src/Text/Pandoc/Readers/Man.hs,core,1,Man,src/pandoc_py/readers/,high,
reader,Readers.Markdown,src/Text/Pandoc/Readers/Markdown.hs,core,1,Markdown,src/pandoc_py/readers/,high,
reader,Readers.Mdoc,src/Text/Pandoc/Readers/Mdoc.hs,core,1,Mdoc,src/pandoc_py/readers/,high,
reader,Readers.Mdoc.Lex,src/Text/Pandoc/Readers/Mdoc/Lex.hs,core,2,Mdoc,src/pandoc_py/readers/,high,
reader,Readers.Mdoc.Macros,src/Text/Pandoc/Readers/Mdoc/Macros.hs,core,2,Mdoc,src/pandoc_py/readers/,high,
reader,Readers.Mdoc.Standards,src/Text/Pandoc/Readers/Mdoc/Standards.hs,core,2,Mdoc,src/pandoc_py/readers/,high,
reader,Readers.MediaWiki,src/Text/Pandoc/Readers/MediaWiki.hs,core,1,MediaWiki,src/pandoc_py/readers/,high,
reader,Readers.Metadata,src/Text/Pandoc/Readers/Metadata.hs,core,1,Metadata,src/pandoc_py/readers/,high,
reader,Readers.Muse,src/Text/Pandoc/Readers/Muse.hs,core,1,Muse,src/pandoc_py/readers/,high,
reader,Readers.Native,src/Text/Pandoc/Readers/Native.hs,core,1,Native,src/pandoc_py/readers/,high,
reader,Readers.ODT,src/Text/Pandoc/Readers/ODT.hs,core,1,ODT,src/pandoc_py/readers/,high,
reader,Readers.ODT.Arrows.State,src/Text/Pandoc/Readers/ODT/Arrows/State.hs,core,3,ODT,src/pandoc_py/readers/,high,
reader,Readers.ODT.Arrows.Utils,src/Text/Pandoc/Readers/ODT/Arrows/Utils.hs,core,3,ODT,src/pandoc_py/readers/,high,
reader,Readers.ODT.Base,src/Text/Pandoc/Readers/ODT/Base.hs,core,2,ODT,src/pandoc_py/readers/,high,
reader,Readers.ODT.ContentReader,src/Text/Pandoc/Readers/ODT/ContentReader.hs,core,2,ODT,src/pandoc_py/readers/,high,
reader,Readers.ODT.Generic.Fallible,src/Text/Pandoc/Readers/ODT/Generic/Fallible.hs,core,3,ODT,src/pandoc_py/readers/,high,
reader,Readers.ODT.Generic.Namespaces,src/Text/Pandoc/Readers/ODT/Generic/Namespaces.hs,core,3,ODT,src/pandoc_py/readers/,high,
reader,Readers.ODT.Generic.SetMap,src/Text/Pandoc/Readers/ODT/Generic/SetMap.hs,core,3,ODT,src/pandoc_py/readers/,high,
reader,Readers.ODT.Generic.Utils,src/Text/Pandoc/Readers/ODT/Generic/Utils.hs,core,3,ODT,src/pandoc_py/readers/,high,
reader,Readers.ODT.Generic.XMLConverter,src/Text/Pandoc/Readers/ODT/Generic/XMLConverter.hs,core,3,ODT,src/pandoc_py/readers/,high,
reader,Readers.ODT.Namespaces,src/Text/Pandoc/Readers/ODT/Namespaces.hs,core,2,ODT,src/pandoc_py/readers/,high,
reader,Readers.ODT.StyleReader,src/Text/Pandoc/Readers/ODT/StyleReader.hs,core,2,ODT,src/pandoc_py/readers/,high,
reader,Readers.OOXML.Shared,src/Text/Pandoc/Readers/OOXML/Shared.hs,core,2,OOXML,src/pandoc_py/readers/,high,
reader,Readers.OPML,src/Text/Pandoc/Readers/OPML.hs,core,1,OPML,src/pandoc_py/readers/,high,
reader,Readers.Org,src/Text/Pandoc/Readers/Org.hs,core,1,Org,src/pandoc_py/readers/,high,
reader,Readers.Org.BlockStarts,src/Text/Pandoc/Readers/Org/BlockStarts.hs,core,2,Org,src/pandoc_py/readers/,high,
reader,Readers.Org.Blocks,src/Text/Pandoc/Readers/Org/Blocks.hs,core,2,Org,src/pandoc_py/readers/,high,
reader,Readers.Org.DocumentTree,src/Text/Pandoc/Readers/Org/DocumentTree.hs,core,2,Org,src/pandoc_py/readers/,high,
reader,Readers.Org.ExportSettings,src/Text/Pandoc/Readers/Org/ExportSettings.hs,core,2,Org,src/pandoc_py/readers/,high,
reader,Readers.Org.Inlines,src/Text/Pandoc/Readers/Org/Inlines.hs,core,2,Org,src/pandoc_py/readers/,high,
reader,Readers.Org.Meta,src/Text/Pandoc/Readers/Org/Meta.hs,core,2,Org,src/pandoc_py/readers/,high,
reader,Readers.Org.ParserState,src/Text/Pandoc/Readers/Org/ParserState.hs,core,2,Org,src/pandoc_py/readers/,high,
reader,Readers.Org.Parsing,src/Text/Pandoc/Readers/Org/Parsing.hs,core,2,Org,src/pandoc_py/readers/,high,
reader,Readers.Org.Shared,src/Text/Pandoc/Readers/Org/Shared.hs,core,2,Org,src/pandoc_py/readers/,high,
reader,Readers.Pod,src/Text/Pandoc/Readers/Pod.hs,core,1,Pod,src/pandoc_py/readers/,high,
reader,Readers.Pptx,src/Text/Pandoc/Readers/Pptx.hs,core,1,Pptx,src/pandoc_py/readers/,high,
reader,Readers.Pptx.Parse,src/Text/Pandoc/Readers/Pptx/Parse.hs,core,2,Pptx,src/pandoc_py/readers/,high,
reader,Readers.Pptx.Shapes,src/Text/Pandoc/Readers/Pptx/Shapes.hs,core,2,Pptx,src/pandoc_py/readers/,high,
reader,Readers.Pptx.Slides,src/Text/Pandoc/Readers/Pptx/Slides.hs,core,2,Pptx,src/pandoc_py/readers/,high,
reader,Readers.Pptx.SmartArt,src/Text/Pandoc/Readers/Pptx/SmartArt.hs,core,2,Pptx,src/pandoc_py/readers/,high,
reader,Readers.RIS,src/Text/Pandoc/Readers/RIS.hs,core,1,RIS,src/pandoc_py/readers/,high,
reader,Readers.RST,src/Text/Pandoc/Readers/RST.hs,core,1,RST,src/pandoc_py/readers/,high,
reader,Readers.RTF,src/Text/Pandoc/Readers/RTF.hs,core,1,RTF,src/pandoc_py/readers/,high,
reader,Readers.Roff,src/Text/Pandoc/Readers/Roff.hs,core,1,Roff,src/pandoc_py/readers/,high,
reader,Readers.Roff.Escape,src/Text/Pandoc/Readers/Roff/Escape.hs,core,2,Roff,src/pandoc_py/readers/,high,
reader,Readers.TWiki,src/Text/Pandoc/Readers/TWiki.hs,core,1,TWiki,src/pandoc_py/readers/,high,
reader,Readers.Textile,src/Text/Pandoc/Readers/Textile.hs,core,1,Textile,src/pandoc_py/readers/,high,
reader,Readers.TikiWiki,src/Text/Pandoc/Readers/TikiWiki.hs,core,1,TikiWiki,src/pandoc_py/readers/,high,
reader,Readers.Txt2Tags,src/Text/Pandoc/Readers/Txt2Tags.hs,core,1,Txt2Tags,src/pandoc_py/readers/,high,
reader,Readers.Typst,src/Text/Pandoc/Readers/Typst.hs,core,1,Typst,src/pandoc_py/readers/,high,
reader,Readers.Typst.Math,src/Text/Pandoc/Readers/Typst/Math.hs,core,2,Typst,src/pandoc_py/readers/,high,
reader,Readers.Typst.Parsing,src/Text/Pandoc/Readers/Typst/Parsing.hs,core,2,Typst,src/pandoc_py/readers/,high,
reader,Readers.Vimwiki,src/Text/Pandoc/Readers/Vimwiki.hs,core,1,Vimwiki,src/pandoc_py/readers/,high,
reader,Readers.XML,src/Text/Pandoc/Readers/XML.hs,core,1,XML,src/pandoc_py/readers/,high,
reader,Readers.Xlsx,src/Text/Pandoc/Readers/Xlsx.hs,core,1,Xlsx,src/pandoc_py/readers/,high,
reader,Readers.Xlsx.Cells,src/Text/Pandoc/Readers/Xlsx/Cells.hs,core,2,Xlsx,src/pandoc_py/readers/,high,
reader,Readers.Xlsx.Parse,src/Text/Pandoc/Readers/Xlsx/Parse.hs,core,2,Xlsx,src/pandoc_py/readers/,high,
reader,Readers.Xlsx.Sheets,src/Text/Pandoc/Readers/Xlsx/Sheets.hs,core,2,Xlsx,src/pandoc_py/readers/,high,
runtime_class,Class.CommonState,src/Text/Pandoc/Class/CommonState.hs,core,1,,src/pandoc_py/runtime/,medium,
runtime_class,Class.IO,src/Text/Pandoc/Class/IO.hs,core,1,,src/pandoc_py/runtime/,medium,
runtime_class,Class.IO.HTTP,src/Text/Pandoc/Class/IO/HTTP.hs,core,2,,src/pandoc_py/runtime/,medium,
runtime_class,Class.PandocIO,src/Text/Pandoc/Class/PandocIO.hs,core,1,,src/pandoc_py/runtime/,medium,
runtime_class,Class.PandocMonad,src/Text/Pandoc/Class/PandocMonad.hs,core,1,,src/pandoc_py/runtime/,medium,
runtime_class,Class.PandocPure,src/Text/Pandoc/Class/PandocPure.hs,core,1,,src/pandoc_py/runtime/,medium,
runtime_class,Class.Sandbox,src/Text/Pandoc/Class/Sandbox.hs,core,1,,src/pandoc_py/runtime/,medium,
server,Text.Pandoc.Server,pandoc-server/src/Text/Pandoc/Server.hs,server,2,,src/pandoc_py/server/,medium,
writer,Writers.ANSI,src/Text/Pandoc/Writers/ANSI.hs,core,1,ANSI,src/pandoc_py/writers/,high,
writer,Writers.AnnotatedTable,src/Text/Pandoc/Writers/AnnotatedTable.hs,core,1,AnnotatedTable,src/pandoc_py/writers/,high,
writer,Writers.AsciiDoc,src/Text/Pandoc/Writers/AsciiDoc.hs,core,1,AsciiDoc,src/pandoc_py/writers/,high,
writer,Writers.BBCode,src/Text/Pandoc/Writers/BBCode.hs,core,1,BBCode,src/pandoc_py/writers/,high,
writer,Writers.BibTeX,src/Text/Pandoc/Writers/BibTeX.hs,core,1,BibTeX,src/pandoc_py/writers/,high,
writer,Writers.Blaze,src/Text/Pandoc/Writers/Blaze.hs,core,1,Blaze,src/pandoc_py/writers/,high,
writer,Writers.ChunkedHTML,src/Text/Pandoc/Writers/ChunkedHTML.hs,core,1,ChunkedHTML,src/pandoc_py/writers/,high,
writer,Writers.CommonMark,src/Text/Pandoc/Writers/CommonMark.hs,core,1,CommonMark,src/pandoc_py/writers/,high,
writer,Writers.ConTeXt,src/Text/Pandoc/Writers/ConTeXt.hs,core,1,ConTeXt,src/pandoc_py/writers/,high,
writer,Writers.CslJson,src/Text/Pandoc/Writers/CslJson.hs,core,1,CslJson,src/pandoc_py/writers/,high,
writer,Writers.Djot,src/Text/Pandoc/Writers/Djot.hs,core,1,Djot,src/pandoc_py/writers/,high,
writer,Writers.DocBook,src/Text/Pandoc/Writers/DocBook.hs,core,1,DocBook,src/pandoc_py/writers/,high,
writer,Writers.Docx,src/Text/Pandoc/Writers/Docx.hs,core,1,Docx,src/pandoc_py/writers/,high,
writer,Writers.Docx.OpenXML,src/Text/Pandoc/Writers/Docx/OpenXML.hs,core,2,Docx,src/pandoc_py/writers/,high,
writer,Writers.Docx.StyleMap,src/Text/Pandoc/Writers/Docx/StyleMap.hs,core,2,Docx,src/pandoc_py/writers/,high,
writer,Writers.Docx.Table,src/Text/Pandoc/Writers/Docx/Table.hs,core,2,Docx,src/pandoc_py/writers/,high,
writer,Writers.Docx.Types,src/Text/Pandoc/Writers/Docx/Types.hs,core,2,Docx,src/pandoc_py/writers/,high,
writer,Writers.DokuWiki,src/Text/Pandoc/Writers/DokuWiki.hs,core,1,DokuWiki,src/pandoc_py/writers/,high,
writer,Writers.EPUB,src/Text/Pandoc/Writers/EPUB.hs,core,1,EPUB,src/pandoc_py/writers/,high,
writer,Writers.FB2,src/Text/Pandoc/Writers/FB2.hs,core,1,FB2,src/pandoc_py/writers/,high,
writer,Writers.GridTable,src/Text/Pandoc/Writers/GridTable.hs,core,1,GridTable,src/pandoc_py/writers/,high,
writer,Writers.HTML,src/Text/Pandoc/Writers/HTML.hs,core,1,HTML,src/pandoc_py/writers/,high,
writer,Writers.Haddock,src/Text/Pandoc/Writers/Haddock.hs,core,1,Haddock,src/pandoc_py/writers/,high,
writer,Writers.ICML,src/Text/Pandoc/Writers/ICML.hs,core,1,ICML,src/pandoc_py/writers/,high,
writer,Writers.Ipynb,src/Text/Pandoc/Writers/Ipynb.hs,core,1,Ipynb,src/pandoc_py/writers/,high,
writer,Writers.JATS,src/Text/Pandoc/Writers/JATS.hs,core,1,JATS,src/pandoc_py/writers/,high,
writer,Writers.JATS.References,src/Text/Pandoc/Writers/JATS/References.hs,core,2,JATS,src/pandoc_py/writers/,high,
writer,Writers.JATS.Table,src/Text/Pandoc/Writers/JATS/Table.hs,core,2,JATS,src/pandoc_py/writers/,high,
writer,Writers.JATS.Types,src/Text/Pandoc/Writers/JATS/Types.hs,core,2,JATS,src/pandoc_py/writers/,high,
writer,Writers.Jira,src/Text/Pandoc/Writers/Jira.hs,core,1,Jira,src/pandoc_py/writers/,high,
writer,Writers.LaTeX,src/Text/Pandoc/Writers/LaTeX.hs,core,1,LaTeX,src/pandoc_py/writers/,high,
writer,Writers.LaTeX.Caption,src/Text/Pandoc/Writers/LaTeX/Caption.hs,core,2,LaTeX,src/pandoc_py/writers/,high,
writer,Writers.LaTeX.Citation,src/Text/Pandoc/Writers/LaTeX/Citation.hs,core,2,LaTeX,src/pandoc_py/writers/,high,
writer,Writers.LaTeX.Lang,src/Text/Pandoc/Writers/LaTeX/Lang.hs,core,2,LaTeX,src/pandoc_py/writers/,high,
writer,Writers.LaTeX.Notes,src/Text/Pandoc/Writers/LaTeX/Notes.hs,core,2,LaTeX,src/pandoc_py/writers/,high,
writer,Writers.LaTeX.Table,src/Text/Pandoc/Writers/LaTeX/Table.hs,core,2,LaTeX,src/pandoc_py/writers/,high,
writer,Writers.LaTeX.Types,src/Text/Pandoc/Writers/LaTeX/Types.hs,core,2,LaTeX,src/pandoc_py/writers/,high,
writer,Writers.LaTeX.Util,src/Text/Pandoc/Writers/LaTeX/Util.hs,core,2,LaTeX,src/pandoc_py/writers/,high,
writer,Writers.Man,src/Text/Pandoc/Writers/Man.hs,core,1,Man,src/pandoc_py/writers/,high,
writer,Writers.Markdown,src/Text/Pandoc/Writers/Markdown.hs,core,1,Markdown,src/pandoc_py/writers/,high,
writer,Writers.Markdown.Inline,src/Text/Pandoc/Writers/Markdown/Inline.hs,core,2,Markdown,src/pandoc_py/writers/,high,
writer,Writers.Markdown.Table,src/Text/Pandoc/Writers/Markdown/Table.hs,core,2,Markdown,src/pandoc_py/writers/,high,
writer,Writers.Markdown.Types,src/Text/Pandoc/Writers/Markdown/Types.hs,core,2,Markdown,src/pandoc_py/writers/,high,
writer,Writers.Math,src/Text/Pandoc/Writers/Math.hs,core,1,Math,src/pandoc_py/writers/,high,
writer,Writers.MediaWiki,src/Text/Pandoc/Writers/MediaWiki.hs,core,1,MediaWiki,src/pandoc_py/writers/,high,
writer,Writers.Ms,src/Text/Pandoc/Writers/Ms.hs,core,1,Ms,src/pandoc_py/writers/,high,
writer,Writers.Muse,src/Text/Pandoc/Writers/Muse.hs,core,1,Muse,src/pandoc_py/writers/,high,
writer,Writers.Native,src/Text/Pandoc/Writers/Native.hs,core,1,Native,src/pandoc_py/writers/,high,
writer,Writers.ODT,src/Text/Pandoc/Writers/ODT.hs,core,1,ODT,src/pandoc_py/writers/,high,
writer,Writers.OOXML,src/Text/Pandoc/Writers/OOXML.hs,core,1,OOXML,src/pandoc_py/writers/,high,
writer,Writers.OPML,src/Text/Pandoc/Writers/OPML.hs,core,1,OPML,src/pandoc_py/writers/,high,
writer,Writers.OpenDocument,src/Text/Pandoc/Writers/OpenDocument.hs,core,1,OpenDocument,src/pandoc_py/writers/,high,
writer,Writers.Org,src/Text/Pandoc/Writers/Org.hs,core,1,Org,src/pandoc_py/writers/,high,
writer,Writers.Powerpoint,src/Text/Pandoc/Writers/Powerpoint.hs,core,1,Powerpoint,src/pandoc_py/writers/,high,
writer,Writers.Powerpoint.Output,src/Text/Pandoc/Writers/Powerpoint/Output.hs,core,2,Powerpoint,src/pandoc_py/writers/,high,
writer,Writers.Powerpoint.Presentation,src/Text/Pandoc/Writers/Powerpoint/Presentation.hs,core,2,Powerpoint,src/pandoc_py/writers/,high,
writer,Writers.RST,src/Text/Pandoc/Writers/RST.hs,core,1,RST,src/pandoc_py/writers/,high,
writer,Writers.RTF,src/Text/Pandoc/Writers/RTF.hs,core,1,RTF,src/pandoc_py/writers/,high,
writer,Writers.Roff,src/Text/Pandoc/Writers/Roff.hs,core,1,Roff,src/pandoc_py/writers/,high,
writer,Writers.Shared,src/Text/Pandoc/Writers/Shared.hs,core,1,Shared,src/pandoc_py/writers/,high,
writer,Writers.TEI,src/Text/Pandoc/Writers/TEI.hs,core,1,TEI,src/pandoc_py/writers/,high,
writer,Writers.Texinfo,src/Text/Pandoc/Writers/Texinfo.hs,core,1,Texinfo,src/pandoc_py/writers/,high,
writer,Writers.Textile,src/Text/Pandoc/Writers/Textile.hs,core,1,Textile,src/pandoc_py/writers/,high,
writer,Writers.Typst,src/Text/Pandoc/Writers/Typst.hs,core,1,Typst,src/pandoc_py/writers/,high,
writer,Writers.Vimdoc,src/Text/Pandoc/Writers/Vimdoc.hs,core,1,Vimdoc,src/pandoc_py/writers/,high,
writer,Writers.XML,src/Text/Pandoc/Writers/XML.hs,core,1,XML,src/pandoc_py/writers/,high,
writer,Writers.XWiki,src/Text/Pandoc/Writers/XWiki.hs,core,1,XWiki,src/pandoc_py/writers/,high,
writer,Writers.ZimWiki,src/Text/Pandoc/Writers/ZimWiki.hs,core,1,ZimWiki,src/pandoc_py/writers/,high,
