Kind,Name,Status,Source
type,Pandoc,data,third_party/pandoc-types/src/Text/Pandoc/Definition.hs
type,Meta,newtype,third_party/pandoc-types/src/Text/Pandoc/Definition.hs
type,MetaValue,data,third_party/pandoc-types/src/Text/Pandoc/Definition.hs
type,ListNumberStyle,data,third_party/pandoc-types/src/Text/Pandoc/Definition.hs
type,ListNumberDelim,data,third_party/pandoc-types/src/Text/Pandoc/Definition.hs
type,Format,newtype,third_party/pandoc-types/src/Text/Pandoc/Definition.hs
type,Attr,type_alias,third_party/pandoc-types/src/Text/Pandoc/Definition.hs
type,RowHeadColumns,newtype,third_party/pandoc-types/src/Text/Pandoc/Definition.hs
type,Alignment,data,third_party/pandoc-types/src/Text/Pandoc/Definition.hs
type,ColWidth,data,third_party/pandoc-types/src/Text/Pandoc/Definition.hs
type,Row,data,third_party/pandoc-types/src/Text/Pandoc/Definition.hs
type,TableHead,data,third_party/pandoc-types/src/Text/Pandoc/Definition.hs
type,TableBody,data,third_party/pandoc-types/src/Text/Pandoc/Definition.hs
type,TableFoot,data,third_party/pandoc-types/src/Text/Pandoc/Definition.hs
type,Caption,data,third_party/pandoc-types/src/Text/Pandoc/Definition.hs
type,Cell,data,third_party/pandoc-types/src/Text/Pandoc/Definition.hs
type,RowSpan,newtype,third_party/pandoc-types/src/Text/Pandoc/Definition.hs
type,ColSpan,newtype,third_party/pandoc-types/src/Text/Pandoc/Definition.hs
type,Block,data,third_party/pandoc-types/src/Text/Pandoc/Definition.hs
type,QuoteType,data,third_party/pandoc-types/src/Text/Pandoc/Definition.hs
type,MathType,data,third_party/pandoc-types/src/Text/Pandoc/Definition.hs
type,Inline,data,third_party/pandoc-types/src/Text/Pandoc/Definition.hs
type,Citation,data,third_party/pandoc-types/src/Text/Pandoc/Definition.hs
type,CitationMode,data,third_party/pandoc-types/src/Text/Pandoc/Definition.hs
Block_constructor,Plain,referenced,third_party/pandoc-types/src/Text/Pandoc/Definition.hs
Block_constructor,Para,referenced,third_party/pandoc-types/src/Text/Pandoc/Definition.hs
Block_constructor,LineBlock,referenced,third_party/pandoc-types/src/Text/Pandoc/Definition.hs
Block_constructor,CodeBlock,referenced,third_party/pandoc-types/src/Text/Pandoc/Definition.hs
Block_constructor,RawBlock,referenced,third_party/pandoc-types/src/Text/Pandoc/Definition.hs
Block_constructor,BlockQuote,referenced,third_party/pandoc-types/src/Text/Pandoc/Definition.hs
Block_constructor,OrderedList,referenced,third_party/pandoc-types/src/Text/Pandoc/Definition.hs
Block_constructor,BulletList,referenced,third_party/pandoc-types/src/Text/Pandoc/Definition.hs
Block_constructor,DefinitionList,referenced,third_party/pandoc-types/src/Text/Pandoc/Definition.hs
Block_constructor,Header,referenced,third_party/pandoc-types/src/Text/Pandoc/Definition.hs
Block_constructor,HorizontalRule,referenced,third_party/pandoc-types/src/Text/Pandoc/Definition.hs
Block_constructor,Table,referenced,third_party/pandoc-types/src/Text/Pandoc/Definition.hs
Block_constructor,Figure,referenced,third_party/pandoc-types/src/Text/Pandoc/Definition.hs
Block_constructor,Div,referenced,third_party/pandoc-types/src/Text/Pandoc/Definition.hs
Inline_constructor,Str,referenced,third_party/pandoc-types/src/Text/Pandoc/Definition.hs
Inline_constructor,Emph,referenced,third_party/pandoc-types/src/Text/Pandoc/Definition.hs
Inline_constructor,Underline,referenced,third_party/pandoc-types/src/Text/Pandoc/Definition.hs
Inline_constructor,Strong,referenced,third_party/pandoc-types/src/Text/Pandoc/Definition.hs
Inline_constructor,Strikeout,referenced,third_party/pandoc-types/src/Text/Pandoc/Definition.hs
Inline_constructor,Superscript,referenced,third_party/pandoc-types/src/Text/Pandoc/Definition.hs
Inline_constructor,Subscript,referenced,third_party/pandoc-types/src/Text/Pandoc/Definition.hs
Inline_constructor,SmallCaps,referenced,third_party/pandoc-types/src/Text/Pandoc/Definition.hs
Inline_constructor,Quoted,referenced,third_party/pandoc-types/src/Text/Pandoc/Definition.hs
Inline_constructor,Cite,referenced,third_party/pandoc-types/src/Text/Pandoc/Definition.hs
Inline_constructor,Code,referenced,third_party/pandoc-types/src/Text/Pandoc/Definition.hs
Inline_constructor,Space,referenced,third_party/pandoc-types/src/Text/Pandoc/Definition.hs
Inline_constructor,SoftBreak,referenced,third_party/pandoc-types/src/Text/Pandoc/Definition.hs
Inline_constructor,LineBreak,referenced,third_party/pandoc-types/src/Text/Pandoc/Definition.hs
Inline_constructor,Math,referenced,third_party/pandoc-types/src/Text/Pandoc/Definition.hs
Inline_constructor,RawInline,referenced,third_party/pandoc-types/src/Text/Pandoc/Definition.hs
Inline_constructor,Link,referenced,third_party/pandoc-types/src/Text/Pandoc/Definition.hs
Inline_constructor,Image,referenced,third_party/pandoc-types/src/Text/Pandoc/Definition.hs
Inline_constructor,Note,referenced,third_party/pandoc-types/src/Text/Pandoc/Definition.hs
Inline_constructor,Span,referenced,third_party/pandoc-types/src/Text/Pandoc/Definition.hs
MetaValue_constructor,MetaMap,referenced,third_party/pandoc-types/src/Text/Pandoc/Definition.hs
MetaValue_constructor,MetaList,referenced,third_party/pandoc-types/src/Text/Pandoc/Definition.hs
MetaValue_constructor,MetaBool,referenced,third_party/pandoc-types/src/Text/Pandoc/Definition.hs
MetaValue_constructor,MetaString,referenced,third_party/pandoc-types/src/Text/Pandoc/Definition.hs
MetaValue_constructor,MetaInlines,referenced,third_party/pandoc-types/src/Text/Pandoc/Definition.hs
MetaValue_constructor,MetaBlocks,referenced,third_party/pandoc-types/src/Text/Pandoc/Definition.hs
ListNumberStyle_constructor,DefaultStyle,referenced,third_party/pandoc-types/src/Text/Pandoc/Definition.hs
ListNumberStyle_constructor,Example,referenced,third_party/pandoc-types/src/Text/Pandoc/Definition.hs
ListNumberStyle_constructor,Decimal,referenced,third_party/pandoc-types/src/Text/Pandoc/Definition.hs
ListNumberStyle_constructor,LowerRoman,referenced,third_party/pandoc-types/src/Text/Pandoc/Definition.hs
ListNumberStyle_constructor,UpperRoman,referenced,third_party/pandoc-types/src/Text/Pandoc/Definition.hs
ListNumberStyle_constructor,LowerAlpha,referenced,third_party/pandoc-types/src/Text/Pandoc/Definition.hs
ListNumberStyle_constructor,UpperAlpha,referenced,third_party/pandoc-types/src/Text/Pandoc/Definition.hs
ListNumberDelim_constructor,DefaultDelim,referenced,third_party/pandoc-types/src/Text/Pandoc/Definition.hs
ListNumberDelim_constructor,Period,referenced,third_party/pandoc-types/src/Text/Pandoc/Definition.hs
ListNumberDelim_constructor,OneParen,referenced,third_party/pandoc-types/src/Text/Pandoc/Definition.hs
ListNumberDelim_constructor,TwoParens,referenced,third_party/pandoc-types/src/Text/Pandoc/Definition.hs
Alignment_constructor,AlignLeft,referenced,third_party/pandoc-types/src/Text/Pandoc/Definition.hs
Alignment_constructor,AlignRight,referenced,third_party/pandoc-types/src/Text/Pandoc/Definition.hs
Alignment_constructor,AlignCenter,referenced,third_party/pandoc-types/src/Text/Pandoc/Definition.hs
Alignment_constructor,AlignDefault,referenced,third_party/pandoc-types/src/Text/Pandoc/Definition.hs
ColWidth_constructor,ColWidth,data,third_party/pandoc-types/src/Text/Pandoc/Definition.hs
ColWidth_constructor,ColWidthDefault,referenced,third_party/pandoc-types/src/Text/Pandoc/Definition.hs
QuoteType_constructor,SingleQuote,referenced,third_party/pandoc-types/src/Text/Pandoc/Definition.hs
QuoteType_constructor,DoubleQuote,referenced,third_party/pandoc-types/src/Text/Pandoc/Definition.hs
MathType_constructor,DisplayMath,referenced,third_party/pandoc-types/src/Text/Pandoc/Definition.hs
MathType_constructor,InlineMath,referenced,third_party/pandoc-types/src/Text/Pandoc/Definition.hs
CitationMode_constructor,AuthorInText,referenced,third_party/pandoc-types/src/Text/Pandoc/Definition.hs
CitationMode_constructor,SuppressAuthor,referenced,third_party/pandoc-types/src/Text/Pandoc/Definition.hs
CitationMode_constructor,NormalCitation,referenced,third_party/pandoc-types/src/Text/Pandoc/Definition.hs
